id,nombre,precio,stock,bodega,vendidos
1,#Breakforcist Battle,,,,
2,#killallzombies,,,,
3,1-2-Switch,,,,
4,10 Second Run Returns,,,,
5,12 is Better Than 6,,,,
6,2064: Read Only Memories Integral,,,,
7,20XX,,,,
8,36 Fragments of Midnight,,,,
9,3D MiniGolf,,,,
10,60 Seconds!,,,,
11,6180 the moon,,,,
12,7 Billion Humans,,,,
13,88 Heroes: 98 Heroes Edition,,,,
14,9 Monkeys of Shaolin,,,,
15,99Moves,,,,
16,99Seconds,,,,
17,99Vidas,,,,
18,A Dark Room,,,,
19,Access Denied,,,,
20,Ace of Seafood,,,,
21,Aces of the Luftwaffe: Squadron,,,,
22,Achtung! Cthulhu Tactics,,,,
23,Acorn Tactics,,,,
24,The Adventure Pals,,,,
25,Adventure Time: Pirates of the Enchiridion,,,,
26,Adventures of Bertram Fiddle Episode 1: A Dreadly Business,,,,
27,Adventures of Bertram Fiddle Episode 2: A Bleaker Predicklement,,,,
28,Aegis Defenders,,,,
29,AeternoBlade,,,,
30,Air Conflicts: Pacific Carriers,,,,
31,Air Conflicts: Secret Wars,,,,
32,Air Hockey,,,,
33,Air Mail,,,,
34,AI: The Somnium Files,,,,
35,Alchemic Dungeons DX,,,,
36,Alien Cruise,,,,
37,Almost There: The Platformer,,,,
38,Alpha,,,,
39,Alteric,,,,
40,Alternate Jake Hunter: Daedalus The Awakening of Golden Jazz,,,,
41,Alwa’s Awakening,,,,
42,Ambition of the Slimes,,,,
43,American Ninja Warrior Challenge,,,,
44,Among the Sleep: Enhanced Edition,,,,
45,Ancient Rush 2,,,,
46,Angels of Death,,,,
47,Animal Rivals,,,,
48,Animated Jigsaws: Beautiful Japanese Scenery,,,,
49,Animated Jigsaws: Japanese Women,,,,
50,Animus: Stand Alone,,,,
51,Anniversary Collection: Arcade Classics,,,,
52,Another Lost Phone: Laura's Story,,,,
53,Another World,,,,
54,Antiquia Lost,,,,
55,Ape Out,,,,
56,Aperion Cyberstorm,,,,
57,Apocryph: An Old-School Shooter,,,,
58,Aqua Kitty UDX,,,,
59,Aqua Moto Racing Utopia,,,,
60,Aragami: Shadow Edition,,,,
61,Arena of Valor,,,,
62,Ark: Survival Evolved,,,,
63,Armello,,,,
64,Arms,,,,
65,Art of Balance,,,,
66,Assassin's Creed III Remastered,,,,
67,Assault Android Cactus+,,,,
68,Asterix & Obelix XXL 2: Mission: Las Vegum,,,,
69,Asterix & Obelix XXL 3: The Crystal Menhir,,,,
70,Astral Chain,,,,
71,Astro Bears Party,,,,
72,Astro Duel Deluxe,,,,
73,At Sundown: Shots in the Dark,,,,
74,Atari Flashback Classics,,,,
75,Atelier Lulua: The Scion of Arland,,,,
76,Atelier Lydie & Suelle: The Alchemists and the Mysterious Paintings,,,,
77,Atomik: RunGunJumpGun,,,,
78,Atomine,,,,
79,Attack on Titan 2,,,,
80,Attack on Titan 2: Final Battle,,,,
81,Away: Journey to the Unexpected,,,,
82,Awesome Pea,,,,
83,Axiom Verge,,,,
84,Ayakashi Koi Gikyoku: Forbidden Romance with Mysterious Spirit,,,,
85,Azkend 2: The World Beneath,,,,
86,Azure Reflections,,,,
87,Azure Saga: Pathfinder Deluxe Edition,,,,
88,Azure Striker Gunvolt: Striker Pack,,,,
89,Baba is You,,,,
90,Bad Dream: Fever,,,,
91,Bad North,,,,
92,BAFL: Brakes Are for Losers,,,,
93,The Banner Saga,,,,
94,The Banner Saga 2,,,,
95,The Banner Saga 3,,,,
96,Baobabs Mausoleum Ep.1: Ovnifagos Don't Eat Flamingos,,,,
97,Bard's Gold,,,,
98,Baseball Riot,,,,
99,Bass Pro Shops: The Strike Championship Edition,,,,
100,Bastion,,,,
101,Batman: The Enemy Within,,,,
102,Batman: The Telltale Series,,,,
103,Battery Jam,,,,
104,Battlezone: Gold Edition,,,,
105,Battle Chasers: Nightwar,,,,
106,Battle Chef Brigade,,,,
107,Battle Princess Madelyn,,,,
108,Battlloon,,,,
109,Bayonetta,,,,
110,Bayonetta 2,,,,
111,Beach Buggy Racing,,,,
112,Bear With Me,,,,
113,Beat Cop,,,,
114,Bendy and the Ink Machine,,,,
115,Big Buck Hunter Arcade,,,,
116,Binaries,,,,
117,The Binding of Isaac: Afterbirth+,,,,
118,Bingo,,,,
119,Bit Dungeon Plus,,,,
120,Black & White Bushido,,,,
121,Black Bird,,,,
122,Black Hole,,,,
123,Black the Fall,,,,
124,Black Paradox,,,,
125,Blacksad: Under the Skin,,,,
126,Blacksea Odyssey,,,,
127,Blade Strangers,,,,
128,Blaster Master Zero,,,,
129,Blaster Master Zero 2,,,,
130,BlazBlue: Central Fiction,,,,
131,BlazBlue: Cross Tag Battle,,,,
132,Bleed,,,,
133,Bleed 2,,,,
134,Bleep Bloop,,,,
135,BlobCat,,,,
136,Bloodroots,,,,
137,Bloodstained: Curse of the Moon,,,,
138,Bloodstained: Ritual of the Night,,,,
139,Bloody Zombies,,,,
140,Bloons TD 5,,,,
141,Blossom Tales: The Sleeping King,,,,
142,Bomb Chicken,,,,
143,Bomber Crew,,,,
144,BombFall,,,,
145,Bombing Busters,,,,
146,Bombslinger,,,,
147,Bonds of the Skies,,,,
148,Boost Beast,,,,
149,Bow to Blood: Last Captain Standing,,,,
150,BoxBoy! + BoxGirl!,,,,
151,BQM: BlockQuest Maker,,,,
152,Brave Dungeon + Dark Witch's Story: Combat,,,,
153,Braveland Trilogy,,,,
154,Brawl,,,,
155,Brawlhalla,,,,
156,Brawlout,,,,
157,The Bridge,,,,
158,Bridge Constructor Portal,,,,
159,Broforce,,,,
160,Broken Age,,,,
161,Broken Sword 5: The Serpent's Curse,,,,
162,Bubsy: Paws on Fire!,,,,
163,The Bug Butcher,,,,
164,Bulb Boy,,,,
165,Bulletstorm: Duke of Switch Edition,,,,
166,The Bunker,,,,
167,Butcher,,,,
168,Cabela's: The Hunt Championship Edition,,,,
169,The Caligula Effect: Overdose,,,,
170,Captain StarOne,,,,
171,Captain Toad: Treasure Tracker,,,,
172,Car Mechanic Simulator,,,,
173,Carcassonne,,,,
174,Carnival Games,,,,
175,Cars 3: Driven to Win,,,,
176,Cartoon Network: Battle Crashers,,,,
177,Castle Crashers Remastered,,,,
178,Castle of Heart,,,,
179,CastleStorm,,,,
180,Castlevania Anniversary Collection,,,,
181,Cat Quest,,,,
182,Catan,,,,
183,Caterpillar Royale,,,,
184,Cave Story+,,,,
185,Caveblazers,,,,
186,Caveman Warriors,,,,
187,Cel Damage,,,,
188,Celeste,,,,
189,The Charming Empire,,,,
190,Chess Ultra,,,,
191,Chicken Assassin: Reloaded,,,,
192,Chicken Range,,,,
193,Chiki-Chiki Boxy Racers,,,,
194,Child of Light,,,,
195,Children of Morta,,,,
196,Chocobo’s Mystery Dungeon Every Buddy!,,,,
197,ChromaGun,,,,
198,Cinders,,,,
199,Cities: Skylines,,,,
200,City of Brass,,,,
201,Civilization VI,,,,
202,Claws of Furry,,,,
203,Claybook,,,,
204,Clouds & Sheep 2,,,,
205,Clue: The Classic Mystery Game,,,,
206,ClusterPuck99,,,,
207,Code of Princess EX,,,,
208,Coffin Dodgers,,,,
209,The Coma: Recut,,,,
210,Conga Master Party!,,,,
211,Constructor Plus,,,,
212,Contra Anniversary Collection,,,,
213,"Cook, Serve, Delicious! 2",,,,
214,Cosmic Star Heroine,,,,
215,The Count Lucanor,,,,
216,Crash Bandicoot N. Sane Trilogy,,,,
217,Crash Team Racing Nitro Fueled,,,,
218,Crawl,,,,
219,Crayola Scoot,,,,
220,Creature in the Well,,,,
221,Croixleur Sigma,,,,
222,Crossing Souls,,,,
223,Crypt of the NecroDancer,,,,
224,Crystal Crisis,,,,
225,Cuphead,,,,
226,Cursed Castilla,,,,
227,Cytus Alpha,,,,
228,D/Generation HD,,,,
229,Daemon X Machina,,,,
230,Daggerhood,,,,
231,Damascus Gear: Operation Tokyo,,,,
232,Dandara,,,,
233,Danger Mouse: The Danger Games,,,,
234,Danmaku Unlimited 3,,,,
235,Dark Souls: Remastered,,,,
236,Dark Witch Music Episode: Rudymical,,,,
237,Darkest Dungeon,,,,
238,The Darkside Detective,,,,
239,Darksiders: Warmastered Edition,,,,
240,Dawn of the Breakers,,,,
241,De Blob,,,,
242,De Blob 2,,,,
243,De Mambo,,,,
244,Dead Cells,,,,
245,Dead by Daylight,,,,
246,Dead Synchronicity: Tomorrow Comes Today,,,,
247,Death Mark,,,,
248,Death Road to Canada,,,,
249,Death Squared,,,,
250,Debris Infinity,,,,
251,Deemo,,,,
252,Deep Ones,,,,
253,The Deer God,,,,
254,Defense Grid 2,,,,
255,Defunct,,,,
256,Deltarune,,,,
257,Demetrios: The Big Cynical Adventure,,,,
258,The Demon Crystal,,,,
259,Deru: The Art of Cooperation,,,,
260,Desert Child,,,,
261,Detective Gallo,,,,
262,Detention,,,,
263,Devil Engine,,,,
264,Devious Dungeon,,,,
265,Diablo III: Eternal Collection,,,,
266,Dimension Drive,,,,
267,Disc Jam,,,,
268,Disease: Hidden Object,,,,
269,Disgaea 1 Complete,,,,
270,Disgaea 5 Complete,,,,
271,Disney Tsum Tsum Festival,,,,
272,"Don't Die, Mr. Robot! DX",,,,
273,Don't Knock Twice,,,,
274,Don't Starve,,,,
275,Donkey Kong Country: Tropical Freeze,,,,
276,Donut County,,,,
277,Doom,,,,
278,Doom & Destiny,,,,
279,Double Cross,,,,
280,Double Dragon IV,,,,
281,Double Kick Heroes,,,,
282,Doughlings: Arcade,,,,
283,Downwell,,,,
284,DragoDino,,,,
285,Dragon Ball FighterZ,,,,
286,Dragon Ball Xenoverse 2,,,,
287,Dragon Marked for Death,,,,
288,Dragon Quest XI,,,,
289,Dragon Quest Builders,,,,
290,Dragon Quest Builders 2,,,,
291,Dragon Sinker: Descendents of Legend,,,,
292,DragonFangZ: The Rose & Dungeon of Time,,,,
293,Dragon's Dogma: Dark Arisen,,,,
294,Draw a Stickman: Epic 2,,,,
295,Dream Alone,,,,
296,DreamWorks Dragons Dawn of New Riders,,,,
297,Duck Game,,,,
298,Dungeon Rushers,,,,
299,Dungeons & Aliens,,,,
300,Dust: An Elysian Tail,,,,
301,Dustoff Heli Rescue 2,,,,
302,Dusty Raging Fist,,,,
303,Dying: Reborn,,,,
304,Dynamite Fishing: World Games,,,,
305,Dynasty Warriors 8: Xtreme Legends,,,,
306,Earth Atlantis,,,,
307,Earth Wars,,,,
308,Earthlock: Festival of Magic,,,,
309,Eat Beat Deadspike-san,,,,
310,The Elder Scrolls V: Skyrim,,,,
311,Elevator...to the Moon! Turbo Champion's Edition,,,,
312,Elli,,,,
313,Elliot Quest,,,,
314,Embers of Mirrim,,,,
315,Enchanting Mahjong Match,,,,
316,The End Is Nigh,,,,
317,Energy Balance,,,,
318,Energy Cycle,,,,
319,Energy Invasion,,,,
320,Enter the Gungeon,,,,
321,Epic Loon,,,,
322,Escape Trick: 35 Fateful Enigmas,,,,
323,The Escapists 2,,,,
324,Estiman,,,,
325,Everspace,,,,
326,Evoland: Legendary Edition,,,,
327,Exorder,,,,
328,Fairune Collection,,,,
329,Fairy Fencer F: Advent Dark Force,,,,
330,The Fall,,,,
331,The Fall Part 2: Unbound,,,,
332,Fall of Light: Darkest Edition,,,,
333,Fallen Legion: Rise to Glory,,,,
334,Fallout Shelter,,,,
335,Fantasy Hero: Unsigned Legacy,,,,
336,Farm Expert 2018,,,,
337,Farming Simulator,,,,
338,Fast RMX,,,,
339,Fate/Extella Link,,,,
340,Fate/Extella: The Umbral Star,,,,
341,Fe,,,,
342,Fear Effect Sedna,,,,
343,Feudal Alloy,,,,
344,FIFA 18,,,,
345,FIFA 19,,,,
346,Figment,,,,
347,Final Fantasy IX,,,,
348,Final Fantasy VII,,,,
349,Final Fantasy XII: The Zodiac Age,,,,
350,Final Fantasy X/X-2 HD Remaster,,,,
351,Final Fantasy XV: Pocket Edition,,,,
352,The Final Station,,,,
353,Fire Emblem: Three Houses,,,,
354,Fire Emblem Warriors,,,,
355,Firewatch,,,,
356,The First Tree,,,,
357,Fishing Star World Tour,,,,
358,Fishing Universe Simulator,,,,
359,Fitness Boxing,,,,
360,The Flame in the Flood,,,,
361,Flashback,,,,
362,Flat Heroes,,,,
363,Flinthook,,,,
364,Flip Wars,,,,
365,Flipping Death,,,,
366,Floor Kids,,,,
367,Fly O'Clock,,,,
368,Food Truck Tycoon,,,,
369,Football Manager Touch 2018,,,,
370,Football Manager Touch 2019,,,,
371,Forager,,,,
372,Forgotton Anne,,,,
373,Forma.8,,,,
374,Fortnite Battle Royale,,,,
375,Fossil Hunters,,,,
376,Fox N Forests,,,,
377,Framed Collection,,,,
378,Frederic: Resurrection of Music,,,,
379,Frederic 2: Evil Strikes Back,,,,
380,Freecell Battle King,,,,
381,Freedom Planet,,,,
382,The Friends of Ringo Ishikawa,,,,
383,Fromto,,,,
384,FruitFall Crush,,,,
385,Frutakia 2,,,,
386,FullBlast,,,,
387,Fun! Fun! Animal Park,,,,
388,FunBox Party,,,,
389,Furi,,,,
390,Gal*Gun 2,,,,
391,Gal Metal,,,,
392,Galak-Z: Variant S,,,,
393,Garage,,,,
394,The Gardens Between,,,,
395,Gear.Club Unlimited,,,,
396,Gear.Club Unlimited 2,,,,
397,Gekido: Kintaro's Revenge,,,,
398,Gelly Break,,,,
399,Gem Smashers,,,,
400,Gems of War,,,,
401,GetAmped Mobile,,,,
402,Ghost 1.0,,,,
403,Ghoulboy: Dark Sword of Goblin,,,,
404,Giana Sisters: Twisted Dreams,,,,
405,Giga Wrecker Alt.,,,,
406,Gigantic Army,,,,
407,Ginger: Beyond the Crystal,,,,
408,Glaive: Brick Breaker,,,,
409,Glass Masquerade,,,,
410,Gnomes Garden: New Home,,,,
411,Go Vacation,,,,
412,Goat Simulator: The GOATY,,,,
413,God Eater 3,,,,
414,God Wars: The Complete Legend,,,,
415,Gods Remastered,,,,
416,Goetia,,,,
417,The Golf,,,,
418,Golf Peaks,,,,
419,Golf Story,,,,
420,Gone Home,,,,
421,Gonner,,,,
422,Goosebumps: The Game,,,,
423,Gorogoa,,,,
424,Gotcha Racing 2nd,,,,
425,Graceful Explosion Machine,,,,
426,Grand Prix Rock 'N Racing,,,,
427,Grandpa and the Zombies,,,,
428,Grave Danger,,,,
429,Green Game: TimeSwapper,,,,
430,Grid Autosport,,,,
431,Grid Mania,,,,
432,Grim Fandango Remastered,,,,
433,Grip: Combat Racing,,,,
434,Gris,,,,
435,Guacamelee!,,,,
436,Guacamelee! 2,,,,
437,Guilt Battle Arena,,,,
438,Gunhouse,,,,
439,Gunman Clive HD Collection,,,,
440,"Guns, Gore & Cannoli",,,,
441,"Guns, Gore & Cannoli 2",,,,
442,Hammerwatch,,,,
443,Hand of Fate 2,,,,
444,Hard West: Complete Edition,,,,
445,Harvest Moon: Light of Hope,,,,
446,Has-Been Heroes,,,,
447,Heart&Slash,,,,
448,Hell Warders,,,,
449,Hellblade: Senua's Sacrifice,,,,
450,Hello Kitty Kruisers,,,,
451,Hello Neighbor,,,,
452,Hello Neighbor: Hide and Seek,,,,
453,Her Majesty's Spiffing,,,,
454,Heroes of the Monkey Tavern,,,,
455,Heroes Trials,,,,
456,Hexologic,,,,
457,Hiragana Pixel Party,,,,
458,A Hole New World,,,,
459,Hollow,,,,
460,Hollow Knight,,,,
461,Holy Potatoes! A Weapon Shop?!,,,,
462,Holy Potatoes! We're in Space?!,,,,
463,Hook,,,,
464,Hot Springs Story,,,,
465,Hotel Transylvania 3: Monsters Overboard,,,,
466,Human: Fall Flat,,,,
467,Human Resource Machine,,,,
468,Hyper Light Drifter,,,,
469,Hyper Sentinel,,,,
470,Hyrule Warriors,,,,
471,I Am Setsuna,,,,
472,I Am the Hero,,,,
473,I and Me,,,,
474,I Hate Running Backwards,,,,
475,I wanna fly,,,,
476,"I, Zombie",,,,
477,Ice Cream Surfer,,,,
478,Icey,,,,
479,Iconoclasts,,,,
480,Ikaruga,,,,
481,Implosion: Never Lose Hope,,,,
482,The Infectious Madness of Doctor Dekker,,,,
483,Infernium,,,,
484,Infinite Minigolf,,,,
485,Inksplosion,,,,
486,The Inner World: The Last Wind Monk,,,,
487,InnerSpace,,,,
488,Inops,,,,
489,Inside,,,,
490,Into the Breach,,,,
491,Inversus Deluxe,,,,
492,Iro Hero,,,,
493,Iron Crypticle,,,,
494,Ironcast,,,,
495,Island Flight Simulator,,,,
496,It's Spring Again,,,,
497,Ittle Dew 2+,,,,
498,The Jackbox Party Pack,,,,
499,The Jackbox Party Pack 2,,,,
500,The Jackbox Party Pack 3,,,,
501,The Jackbox Party Pack 4,,,,
502,The Jackbox Party Pack 5,,,,
503,Jettomero: Hero of the Universe,,,,
504,Joe Dever's Lone Wolf,,,,
505,Johnny Turbo's Arcade: Bad Dudes,,,,
506,Johnny Turbo's Arcade: Gate of Doom,,,,
507,Jotun: Valhalla Edition,,,,
508,The Journey Down Trilogy,,,,
509,Jumping Joe & Friends,,,,
510,Jurassic Pinball,,,,
511,Just Dance 2017,,,,
512,Just Dance 2018,,,,
513,Just Dance 2019,,,,
514,Just Shapes & Beats,,,,
515,Jydge,,,,
516,Kamiko,,,,
517,Katamari Damacy Reroll,,,,
518,Katana Zero,,,,
519,Keep Talking and Nobody Explodes,,,,
520,Kero Blaster,,,,
521,Kid Tripp,,,,
522,Killer Queen Black,,,,
523,King Oddball,,,,
524,The King's Bird,,,,
525,Kingdom: New Lands,,,,
526,Kingdom: Two Crowns,,,,
527,Kirby Star Allies,,,,
528,Kitten Squad,,,,
529,Knight Terrors,,,,
530,Knights of Pen and Paper +1 Deluxier Edition,,,,
531,Koi DX,,,,
532,Kona,,,,
533,Kotodama: The 7 Mysteries of Fujisawa,,,,
534,L.A. Noire,,,,
535,Labyrinth of Refrain: Coven of Dusk,,,,
536,Last Day of June,,,,
537,Layers of Fear: Legacy,,,,
538,League of Evil,,,,
539,Legend of Kay,,,,
540,The Legend of Zelda: Breath of the Wild,,,,
541,Lego City Undercover,,,,
542,Lego DC Super-Villains,,,,
543,Lego Harry Potter Collection,,,,
544,Lego The Incredibles,,,,
545,Lego Marvel Super Heroes 2,,,,
546,The Lego Movie 2 Videogame,,,,
547,The Lego Ninjago Movie Video Game,,,,
548,Lego Worlds,,,,
549,Legrand Legacy: Tale of the Fatebounds,,,,
550,Letter Quest Remastered,,,,
551,L.F.O.: Lost Future Omega,,,,
552,The Liar Princess and the Blind Prince,,,,
553,Lichtspeer: Double Speer Edition,,,,
554,Light Fall,,,,
555,Light Fingers,,,,
556,Lightseekers,,,,
557,Limbo,,,,
558,Little Dragons Café,,,,
559,Little Friends: Dogs & Cats,,,,
560,Little Inferno,,,,
561,Little Nightmares,,,,
562,Little Shopping,,,,
563,Little Triangle,,,,
564,Lode Runner Legacy,,,,
565,The Long Reach,,,,
566,The Longest Five Minutes,,,,
567,The Lost Child,,,,
568,The Lost Light of Sisu,,,,
569,Lost Sphear,,,,
570,Lovers in a Dangerous Spacetime,,,,
571,Lumines,,,,
572,Lumo,,,,
573,Mad Carnage,,,,
574,A Magical High-School Girl,,,,
575,Magic Scroll Tactics,,,,
576,Mahjong Stories: Vampire Romance,,,,
577,Maid of Sker,,,,
578,Mana Spark,,,,
579,Mantis Burn Racing,,,,
580,Marble It Up!,,,,
581,Maria the Witch,,,,
582,Mario & Sonic at the Tokyo 2020 Olympic Games,,,,
583,Mario + Rabbids Kingdom Battle,,,,
584,Mario Kart 8 Deluxe,,,,
585,Mario Tennis Aces,,,,
586,Mark of the Ninja,,,,
587,Marvel Ultimate Alliance 3: The Black Order,,,,
588,Masquerada: Songs and Shadows,,,,
589,Masters of Anima,,,,
590,Max: The Curse of Brotherhood,,,,
591,Mecho Tales,,,,
592,Mecho Wars: Desert Ashes,,,,
593,Mechsternmination Force,,,,
594,Mega Man 11,,,,
595,Mega Man Legacy Collection,,,,
596,Mega Man Legacy Collection 2,,,,
597,Mega Man X Legacy Collection,,,,
598,Mega Man X Legacy Collection 2,,,,
599,Mega Mall Story,,,,
600,Megaton Rainfall,,,,
601,Membrane,,,,
602,The Men of Yoshiwara: Kikuya,,,,
603,The Men of Yoshiwara: Ohgiya,,,,
604,Mercenaries Saga Chronicles,,,,
605,Mercenary Kings: Reloaded,,,,
606,Mercury Race,,,,
607,The Messenger,,,,
608,Metropolis: Lux Obscura,,,,
609,Midnight Deluxe,,,,
610,The Midnight Sanctuary,,,,
611,Mighty Gunvolt Burst,,,,
612,Milanoir,,,,
613,Miles & Kilo,,,,
614,Millie,,,,
615,Mindball Play,,,,
616,Minecraft,,,,
617,Minecraft: Story Mode,,,,
618,Minecraft: Story Mode - Season Two,,,,
619,Minesweeper Genius,,,,
620,Mini Metro,,,,
621,Minit,,,,
622,Mom Hid My Game!,,,,
623,Momodora: Reverie Under the Moonlight,,,,
624,Momonga Pinball Adventures,,,,
625,Monica and the Rabbit Guard,,,,
626,Monopoly,,,,
627,Monster Boy and the Cursed Kingdom,,,,
628,Monster Energy Supercross: The Official Videogame,,,,
629,Monster Energy Supercross: The Official Videogame 2,,,,
630,Monster Hunter Generations Ultimate,,,,
631,Monster Jam: Crush It!,,,,
632,Monument Builders Rushmore,,,,
633,Moon Hunters,,,,
634,Moonlighter,,,,
635,Moorhuhn Knights & Castles,,,,
636,Moorhuhn Remake,,,,
637,Morphies Law,,,,
638,Morphite,,,,
639,Mortal Kombat 11,,,,
640,Mother Russia Bleeds,,,,
641,Moto Racer 4,,,,
642,MotoGP 18,,,,
643,MotoGP 19,,,,
644,Motorsport Manager,,,,
645,Mr. Shifty,,,,
646,Muddledash,,,,
647,Mujo,,,,
648,Mulaka,,,,
649,The Mummy Demastered,,,,
650,Mushroom Wars 2,,,,
651,Musynx,,,,
652,Mutant Football League,,,,
653,Mutant Mudds Collection,,,,
654,MXGP3,,,,
655,My Arctic Farm 2018,,,,
656,My Friend Pedro,,,,
657,My Girlfriend is a Mermaid?!,,,,
658,My Hero: One's Justice,,,,
659,My Jurassic Farm 2018,,,,
660,My Little Riding Champion,,,,
661,My Riding Stables: Life with Horses,,,,
662,My Time at Portia,,,,
663,The Mystery of the Hudson Case,,,,
664,The Mystery of Woolley Mountain,,,,
665,N++,,,,
666,Nairi: Tower of Shirin,,,,
667,Namco Museum,,,,
668,Namco Museum Arcade Pac,,,,
669,Naruto: Ultimate Ninja Storm,,,,
670,Naruto Shippuden: Ultimate Ninja Storm 2,,,,
671,Naruto Shippuden: Ultimate Ninja Storm 3,,,,
672,NBA 2K18,,,,
673,NBA 2K19,,,,
674,NBA 2K Playgrounds 2,,,,
675,NBA Playgrounds,,,,
676,Necrosphere Deluxe,,,,
677,Nefarious,,,,
678,Nekopara Vol. 1,,,,
679,Nelke & the Legendary Alchemists: Ateliers of the New World,,,,
680,Neo Atlas 1469,,,,
681,Neon Caves,,,,
682,Neon Chrome,,,,
683,Neonwall,,,,
684,NeuroVoider,,,,
685,Never Stop,,,,
686,Never Stop Sneakin',,,,
687,New Frontier Days: Founding Pioneers,,,,
688,New Super Mario Bros. U Deluxe,,,,
689,The Next Penelope,,,,
690,Next Up Hero,,,,
691,Nickelodeon Kart Racers,,,,
692,Nidhogg 2,,,,
693,Night in the Woods,,,,
694,Night Trap: 25th Anniversary Edition,,,,
695,Nightmare Boy,,,,
696,Nights of Azure 2: Bride of the New Moon,,,,
697,Nihilumbra,,,,
698,Nine Parchments,,,,
699,Ninja Shodown,,,,
700,Nintendo Labo - Toy-Con 01: Variety Kit,,,,
701,Nintendo Labo - Toy-Con 02: Robot Kit,,,,
702,Nintendo Labo - Toy-Con 03: Vehicle Kit,,,,
703,Nintendo Labo - Toy-Con 04: VR Kit,,,,
704,Nippon Marathon,,,,
705,No Heroes Here,,,,
706,No Thing,,,,
707,A Normal Lost Phone,,,,
708,North,,,,
709,Not a Hero,,,,
710,Not Not: A Brain Buster,,,,
711,Nuclear Throne,,,,
712,Nuclien,,,,
713,Observer,,,,
714,Oceanhorn: Monster of Uncharted Seas,,,,
715,Octodad: Dadliest Catch,,,,
716,Octopath Traveler,,,,
717,Odallus: The Dark Call,,,,
718,Of Mice and Sand: Revised,,,,
719,Oh...Sir! The Hollywood Roast,,,,
720,Oh...Sir! The Insult Simulator,,,,
721,?kami,,,,
722,OK K.O.! Let's Play Heroes,,,,
723,OkunoKa,,,,
724,Old Man's Journey,,,,
725,Old School Musical,,,,
726,OlliOlli: Switch Stance,,,,
727,Omensight: Definitive Edition,,,,
728,One Eyed Kutkh,,,,
729,One More Dungeon,,,,
730,One Piece: Pirate Warriors 3 Deluxe Edition,,,,
731,One Piece: Unlimited World Red Deluxe Edition,,,,
732,Oniken: Unstoppable Edition,,,,
733,Onimusha: Warlords,,,,
734,Oninaki,,,,
735,Operation Hardcore,,,,
736,OPUS: The Day We Found Earth,,,,
737,OPUS: Rocket of Whispers,,,,
738,Othello,,,,
739,Our World is Ended,,,,
740,Out There: ? The Alliance,,,,
741,Outlast,,,,
742,Outlast 2,,,,
743,Overcooked! Special Edition,,,,
744,Overcooked! 2,,,,
745,Overland,,,,
746,Owlboy,,,,
747,Oxenfree,,,,
748,Pac-Man Championship Edition 2 Plus,,,,
749,Packet Queen #,,,,
750,Paladins,,,,
751,Pan-Pan: A Tiny Big Adventure,,,,
752,Pankapu,,,,
753,Paper Wars: Cannon Fodder Devastated,,,,
754,Party Arcade,,,,
755,Party Golf,,,,
756,Party Hard,,,,
757,Party Planet,,,,
758,Path to Mnemosyne,,,,
759,Pato Box,,,,
760,Paw Patrol: On a Roll,,,,
761,Payday 2,,,,
762,Penguin Wars,,,,
763,Penny-Punching Princess,,,,
764,Perception,,,,
765,Percy's Predicament Deluxe,,,,
766,Perfect Angle,,,,
767,Phantom Breaker: Battle Grounds Overdrive,,,,
768,Phantom Trigger,,,,
769,Phoenix Wright: Ace Attorney Trilogy,,,,
770,Photon Cube,,,,
771,Physical Contact: 2048,,,,
772,Physical Contact: Picture Place,,,,
773,Physical Contact: Speed,,,,
774,Pianista: The Legendary Virtuoso,,,,
775,Pic-a-Pix Deluxe,,,,
776,Picross S,,,,
777,Piczle Lines DX,,,,
778,Pikuniku,,,,
779,Pillar,,,,
780,The Pinball Arcade,,,,
781,Pinball FX 3,,,,
782,Pine,,,,
783,Ping Pong Trick Shot Evolution,,,,
784,PixelJunk Monsters 2,,,,
785,Pixel Action Heroes,,,,
786,Pixel Devil and the Broken Cartridge,,,,
787,Pizza Parking,,,,
788,Plague Road,,,,
789,Planet Alpha,,,,
790,Planetarian: The Reverie of a Little Planet,,,,
791,Plantera DX,,,,
792,Pocket Academy,,,,
793,Pocket Rumble,,,,
794,Pode,,,,
795,Poi: Explorer Edition,,,,
796,Poisoft Thud Card,,,,
797,"Pokémon: Let's Go, Eevee!",,,,
798,"Pokémon: Let's Go, Pikachu!",,,,
799,Pokémon Quest,,,,
800,Pokémon Shield,,,,
801,Pokémon Sword,,,,
802,Pokkén Tournament DX,,,,
803,Poly Bridge,,,,
804,PolyGod,,,,
805,Pool,,,,
806,Pool Billiard,,,,
807,Pool Panic,,,,
808,Portal Knights,,,,
809,Power Rangers: Battle for the Grid,,,,
810,Premium Pool Arena,,,,
811,The Princess Guide,,,,
812,Prison Architect,,,,
813,Professional Farmer: American Dream,,,,
814,Project Highrise: Architect's Edition,,,,
815,Pumped BMX Pro,,,,
816,Punch Club,,,,
817,"Pure / Electric Love ""What do you want?"" - Eri Kitami -",,,,
818,Putty Pals,,,,
819,Puyo Puyo Tetris,,,,
820,Puzzle Adventure Blockle,,,,
821,Puzzle Box Maker,,,,
822,Puzzle Puppers,,,,
823,Q.U.B.E. 2,,,,
824,Qbics Paint,,,,
825,Qbik,,,,
826,Quad Fighter K,,,,
827,Quest for the Golden Duck,,,,
828,Quest of Dungeons,,,,
829,R-Type Dimensions EX,,,,
830,Rad Rodgers Radical Edition,,,,
831,Radiation Island,,,,
832,Rage in Peace,,,,
833,Raging Justice,,,,
834,Raining Coins,,,,
835,Rally Racers,,,,
836,The Raven Remastered,,,,
837,Rayman Legends,,,,
838,Razed,,,,
839,R.B.I. Baseball 17,,,,
840,R.B.I. Baseball 18,,,,
841,R.B.I. Baseball 19,,,,
842,Red Game Without a Great Name,,,,
843,The Red Strings Club,,,,
844,Regalia: Of Men and Monarchs – Royal Edition,,,,
845,Reigns: Game of Thrones,,,,
846,Reigns: Kings & Queens,,,,
847,RemiLore: Lost Girl in the Lands,,,,
848,Resident Evil: Origins Collection,,,,
849,Resident Evil,,,,
850,Resident Evil 4,,,,
851,Resident Evil: Revelations,,,,
852,Resident Evil: Revelations 2,,,,
853,Resident Evil Zero,,,,
854,Retimed,,,,
855,Retro City Rampage DX,,,,
856,Revenant Saga,,,,
857,Reverie: Sweet As Edition,,,,
858,Rico,,,,
859,Rime,,,,
860,Riot: Civil Unrest,,,,
861,Riptide GP: Renegade,,,,
862,Risk of Rain,,,,
863,Rival Megagun,,,,
864,Rive,,,,
865,Robbotto,,,,
866,Robonauts,,,,
867,Rock 'N Racing Off Road DX,,,,
868,Rocket Fist,,,,
869,Rocket League,,,,
870,Rogue Aces,,,,
871,Rogue Legacy,,,,
872,Rogue Trooper Redux,,,,
873,RollerCoaster Tycoon Adventures,,,,
874,Romancing SaGa 2,,,,
875,The Room,,,,
876,Rotating Brave,,,,
877,Runbow,,,,
878,Runner3,,,,
879,RXN: Raijin,,,,
880,Saboteur,,,,
881,Safety First!,,,,
882,Saints Row: The Third,,,,
883,Sally's Law,,,,
884,Salt and Sanctuary,,,,
885,Samurai Defender: Ninja Warfare,,,,
886,Santa Tracker,,,,
887,Saturday Morning RPG,,,,
888,Sausage Sports Club,,,,
889,Save Me Mr Tako: Tasukete Tako-San,,,,
890,Scribblenauts Mega Pack,,,,
891,Scribblenauts Showdown,,,,
892,Sega Genesis Classics,,,,
893,Semblance,,,,
894,Semispheres,,,,
895,Senran Kagura: Peach Ball,,,,
896,Senran Kagura: Reflexions,,,,
897,Serial Cleaner,,,,
898,Severed,,,,
899,The Sexy Brutale,,,,
900,Shadow Bug,,,,
901,Shadow of Loot Box,,,,
902,Shadowgate,,,,
903,Shanky: The Vegan's Nightmare,,,,
904,Shantae: Half-Genie Hero,,,,
905,Shantae and the Pirate's Curse,,,,
906,Shape of the World,,,,
907,Shaq Fu: A Legend Reborn,,,,
908,She Remembered Caterpillars,,,,
909,Shelter Generations,,,,
910,Sheltered,,,,
911,Shephy,,,,
912,Shift Quantum,,,,
913,Shiftlings: Enhanced Edition,,,,
914,Shining Resonance Refrain,,,,
915,Shovel Knight,,,,
916,Shu,,,,
917,Siegecraft Commander,,,,
918,Silver Star Chess,,,,
919,Sine Mora EX,,,,
920,Sinner: Sacrifice for Redemption,,,,
921,Skies of Fury DX,,,,
922,Sky Force Reloaded,,,,
923,Sky Gambler: Afterburner,,,,
924,Sky Ride,,,,
925,Sky Rogue,,,,
926,Skyhill,,,,
927,Skylanders: Imaginators,,,,
928,Skypeace,,,,
929,Slain: Back from Hell,,,,
930,Slayaway Camp: Butcher's Cut,,,,
931,Sleep Tight,,,,
932,Slime-san,,,,
933,Slime Tactics,,,,
934,Sling Ming,,,,
935,Smite,,,,
936,Smoke and Sacrifice,,,,
937,Snake Pass,,,,
938,Sniper Elite V2 Remastered,,,,
939,Snipperclips,,,,
940,Snipperclips Plus,,,,
941,SNK 40th Anniversary Collection,,,,
942,SNK Heroines: Tag Team Frenzy,,,,
943,Snow Moto Racing Freedom,,,,
944,Soccer Slammers,,,,
945,Sol Divide: Sword of Darkness,,,,
946,"Soldam: Drop, Connect, Erase",,,,
947,Solitaire Klondike Black,,,,
948,Solstice Chronicles: MIA,,,,
949,Son of a Witch,,,,
950,Songbringer,,,,
951,Sonic Forces,,,,
952,Sonic Mania,,,,
953,Sonic Mania Plus,,,,
954,South Park: The Fractured but Whole,,,,
955,South Park: The Stick of Truth,,,,
956,Space Dave!,,,,
957,Sparkle 2,,,,
958,Sparkle 2: EVO,,,,
959,Sparkle 3: Genesis,,,,
960,Sparkle Unleashed,,,,
961,Spartan,,,,
962,Spectrum,,,,
963,The Spectrum Retreat,,,,
964,Speed Brawl,,,,
965,Spellspire,,,,
966,Spelunker Party!,,,,
967,Sphinx and the Cursed Mummy,,,,
968,SpiderSolitaire Black,,,,
969,Spintires: MudRunner - American Wilds,,,,
970,Spiral Splatter,,,,
971,SpiritSphere DX,,,,
972,Splasher,,,,
973,Splat the Fruit,,,,
974,Splatoon 2,,,,
975,Spoiler Alert,,,,
976,Sports Party,,,,
977,Spot the Difference: Ultimate Edition,,,,
978,Spy Chameleon,,,,
979,Squareboy vs. Bullies: Arena Edition,,,,
980,Star Ghost,,,,
981,Star Wars Pinball,,,,
982,Stardew Valley,,,,
983,Starlink: Battle for Atlas,,,,
984,State of Mind,,,,
985,SteamWorld Dig,,,,
986,SteamWorld Dig 2,,,,
987,SteamWorld Heist,,,,
988,SteamWorld Quest: Hand of Gilgamech,,,,
989,Steins;Gate Elite,,,,
990,Steredenn: Binary Stars,,,,
991,Stern Pinball Arcade,,,,
992,Steven Universe: Save the Light,,,,
993,Stick It to the Man!,,,,
994,Stikbold! A Dodgeball Adventure Deluxe,,,,
995,The Stillness of the Wind,,,,
996,Stranger Things 3: The Game,,,,
997,Street Fighter 30th Anniversary Collection,,,,
998,Streets of Red: Devil's Dare Deluxe,,,,
999,Stunt Kite Party,,,,
1000,Subsurface Circular,,,,
1001,Suicide Guy,,,,
1002,Sumer,,,,
1003,Super Beat Sports,,,,
1004,Super Bomberman R,,,,
1005,Super Chariot,,,,
1006,Super Crate Box,,,,
1007,Super Dragon Ball Heroes: World Mission,,,,
1008,Super Hydorah,,,,
1009,Super Mario Maker 2,,,,
1010,Super Mario Odyssey,,,,
1011,Super Mario Party,,,,
1012,Super Meat Boy,,,,
1013,Super Neptunia RPG,,,,
1014,Super One More Jump,,,,
1015,Super Ping Pong Trick Shot,,,,
1016,Super Putty Squad,,,,
1017,Super Rocket Shootout,,,,
1018,Super Smash Bros. Ultimate,,,,
1019,Super Sportmatchen,,,,
1020,Super Toy Cars,,,,
1021,Superbeat: Xonic,,,,
1022,Superbrothers: Sword & Sworcery EP,,,,
1023,Superola and the Lost Burgers,,,,
1024,Surfingers,,,,
1025,Surgeon Simulation CPR,,,,
1026,Sushi Striker: The Way of Sushido,,,,
1027,Swap This!,,,,
1028,Swim Out,,,,
1029,Swimsanity,,,,
1030,The Swindle,,,,
1031,Sword Art Online: Hollow Realization,,,,
1032,Swords & Soldiers II: Shawarmageddon,,,,
1033,Syberia,,,,
1034,Syberia 2,,,,
1035,Syberia 3,,,,
1036,Tachyon Project,,,,
1037,Tactical Mind,,,,
1038,Taiko no Tatsujin: Drum 'n' Fun!,,,,
1039,Tales of the Tiny Planet,,,,
1040,Tales of Vesperia,,,,
1041,Tallowmere,,,,
1042,Tangledeep,,,,
1043,Tanzia,,,,
1044,Team Sonic Racing,,,,
1045,Teddy the Wanderer: Mountain Hike,,,,
1046,Tennis,,,,
1047,Tennis in the Face,,,,
1048,Tennis World Tour,,,,
1049,Tesla vs. Lovecraft,,,,
1050,Teslagrad,,,,
1051,Tetris 99,,,,
1052,Thimbleweed Park,,,,
1053,This Is the Police,,,,
1054,This Is the Police 2,,,,
1055,This War of Mine,,,,
1056,Thumper,,,,
1057,Timberman Vs.,,,,
1058,Time Recoil,,,,
1059,Tiny Barbarian DX,,,,
1060,Tiny Metal,,,,
1061,Tiny Troopers: Joint Ops DX,,,,
1062,Titan Quest,,,,
1063,To the Moon,,,,
1064,Toby: The Secret Mine,,,,
1065,ToeJam & Earl: Back in the Groove,,,,
1066,Toki Tori,,,,
1067,Toki Tori 2+,,,,
1068,Tokyo 2020 Olympics: The Official Game,,,,
1069,Tokyo School Life,,,,
1070,Toridama: Brave Challenge,,,,
1071,TorqueL: Physics Modified Edition,,,,
1072,Totes the Goat,,,,
1073,Touch Battle Tank SP,,,,
1074,Touhou Genso Wanderer: Reloaded,,,,
1075,Touhou Kobuto V: Burst Battle,,,,
1076,Touhou Sky Arena: Matsuri Climax,,,,
1077,Towaga 2,,,,
1078,Tower of Babel,,,,
1079,TowerFall,,,,
1080,Townsmen,,,,
1081,The Trail: Frontier Challenge,,,,
1082,Transcripted,,,,
1083,Transistor,,,,
1084,Travis Strikes Again: No More Heroes,,,,
1085,Treadnauts,,,,
1086,Treasure Stack,,,,
1087,Trials Rising,,,,
1088,Trine 2: Complete Story,,,,
1089,Troll and I,,,,
1090,Trüberbrook,,,,
1091,TT Isle of Man,,,,
1092,TumbleSeed,,,,
1093,Tumblestone,,,,
1094,Turok: Dinosaur Hunter,,,,
1095,TurtlePop: Journey to Freedom,,,,
1096,Twin Robots: Ultimate Edition,,,,
1097,Twist & Match,,,,
1098,Typoman,,,,
1099,Tyr: Chains of Valhalla,,,,
1100,Ultimate Chicken Horse,,,,
1101,Ultra Hyperball,,,,
1102,Ultra Street Fighter II: The Final Challengers,,,,
1103,Ultrawings,,,,
1104,Umihara Kawase Fresh!,,,,
1105,Unbox: Newbie's Adventure,,,,
1106,Uncanny Valley,,,,
1107,Undertale,,,,
1108,Unepic,,,,
1109,Unexplored: Unlocked Edition,,,,
1110,Unholy Heights,,,,
1111,Unit 4,,,,
1112,Unknown Fate,,,,
1113,Uno,,,,
1114,Unravel Two,,,,
1115,Unruly Heroes,,,,
1116,Unsung Story,,,,
1117,Unworthy,,,,
1118,Urban Trial Playground,,,,
1119,Use Your Words,,,,
1120,Utopia 9: A Volatile Vacation,,,,
1121,Uurnog Uurnlimited,,,,
1122,V.O.I.D.,,,,
1123,V-Rally 4,,,,
1124,VA-11 HALL-A: Cyberpunk Bartender Action,,,,
1125,Vaccine,,,,
1126,Valiant Hearts: The Great War,,,,
1127,Valkyria Chronicles,,,,
1128,Valkyria Chronicles 4,,,,
1129,Valley,,,,
1130,Valthirian Arc: Hero School Story,,,,
1131,Vambrace: Cold Soul,,,,
1132,Vaporum,,,,
1133,Varion,,,,
1134,Vegas Party,,,,
1135,Velocity 2X,,,,
1136,Vertical Drop Heroes HD,,,,
1137,Vesta,,,,
1138,Victor Vran,,,,
1139,Violett,,,,
1140,Voez,,,,
1141,Volgarr the Viking,,,,
1142,Vostok Inc.,,,,
1143,Vroom in the Night Sky,,,,
1144,VVVVVV,,,,
1145,The Walking Dead: The Complete First Season,,,,
1146,The Walking Dead: The Final Season,,,,
1147,Wanderjahr TryAgainOrWalkAway,,,,
1148,Wandersong,,,,
1149,War Theatre,,,,
1150,The Wardrobe,,,,
1151,Warframe,,,,
1152,Wargroove,,,,
1153,Warhammer Age of Sigmar: Champions,,,,
1154,Warplanes: WW2 Dogfight,,,,
1155,Warp Shift,,,,
1156,Warriors Orochi 4,,,,
1157,Wasteland 2: Director's Cut,,,,
1158,The Way Remastered,,,,
1159,West of Loathing,,,,
1160,Wheels of Aurelia,,,,
1161,When Ski Lifts Go Wrong,,,,
1162,Whispering Willows,,,,
1163,White Night,,,,
1164,Wild Guns Reloaded,,,,
1165,Will: A Wonderful World,,,,
1166,Windjammers,,,,
1167,Windscape,,,,
1168,Witch and Hero,,,,
1169,Wizard of Legend,,,,
1170,Wolfenstein II: The New Colossus,,,,
1171,Wolfenstein: Youngblood,,,,
1172,Wonder Boy: The Dragon's Trap,,,,
1173,Woodle Tree Adventures,,,,
1174,World Conqueror X,,,,
1175,World End Syndrome,,,,
1176,The World Ends with You: Final Remix,,,,
1177,World of Final Fantasy Maxima,,,,
1178,World of Goo,,,,
1179,World to the West,,,,
1180,WorldNeverland: Daily Life in the Elnea Kingdom,,,,
1181,Worms W.M.D,,,,
1182,Wulverblade,,,,
1183,WWE 2K18,,,,
1184,X-Morph: Defense,,,,
1185,Xenoblade Chronicles 2,,,,
1186,Xenoraid,,,,
1187,Xenon Racer,,,,
1188,Xeodrifter,,,,
1189,Yesterday Origins,,,,
1190,YIIK: A Postmodern RPG,,,,
1191,Yodanji,,,,
1192,Yoku's Island Express,,,,
1193,Yomawari: The Long Night Collection,,,,
1194,Yonder: The Cloud Catcher Chronicles,,,,
1195,Yono and the Celestial Elephants,,,,
1196,Yooka-Laylee,,,,
1197,Yoshi's Crafted World,,,,
1198,Ys VIII: Lacrimosa of Dana,,,,
1199,Yu-Gi-Oh! Legacy of the Duelist: Link Evolution,,,,
1200,Yume Nikki: Dream Diary,,,,
1201,Zarvot,,,,
1202,Zombie Gold Rush,,,,
1203,Zombillie,,,,
